receptor,rho_resp,p_resp,p_resp_moran,rho_cv,p_cv,p_cv_moran,rho_var,p_var,p_var_moran,q_resp,q_resp_moran,q_cv,q_cv_moran,q_var,q_var_moran,name
DAT,0.3842362139763373,0.028971028971028972,0.06196901549225387,-0.03365439783998649,0.8121878121878122,0.7091454272863568,0.38206626291414314,0.023976023976023976,0.05997001499250375,0.4213786213786214,0.43994669332000663,0.8121878121878122,0.7091454272863568,0.4318181818181818,0.5443944694319507,DAT
MU,0.35310839442746517,0.1108891108891109,0.1774112943528236,-0.2872002325014531,0.000999000999000999,0.001999000499750125,0.2982290514315714,0.17682317682317683,0.2513743128435782,0.4213786213786214,0.5618024321172748,0.01898101898101898,0.018990504747626185,0.540959040959041,0.6823017062897122,$\mu$-opioid
D1,0.3266846042787767,0.07792207792207792,0.06946526736631684,-0.11939680873005457,0.27672327672327673,0.10594702648675662,0.31168769804811275,0.08091908091908091,0.08595702148925537,0.4213786213786214,0.43994669332000663,0.44289044289044294,0.20129935032483756,0.4318181818181818,0.5443944694319507,D$_1$
5HT1a,0.32235070219188866,0.21578421578421578,0.27786106946526734,-0.2200688129300808,0.058941058941058944,0.04047976011994003,0.28359814748842177,0.2597402597402597,0.34382808595702147,0.521978021978022,0.6393469931700816,0.18664668664668663,0.12818590704647675,0.540959040959041,0.7258592925759343,5-HT$_{1A}$
Vacht,0.26683498021862634,0.08691308691308691,0.29035482258870565,-0.2093199332495828,0.023976023976023976,0.0399800099950025,0.25401140007125045,0.09090909090909091,0.29735132433783107,0.4213786213786214,0.6393469931700816,0.11388611388611389,0.12818590704647675,0.4318181818181818,0.7062093953023488,VAChT (norm.)
5HTT,0.2622068887930549,0.2837162837162837,0.42128935532233885,-0.06587497421858886,0.6223776223776224,0.49825087456271866,0.2677912361952262,0.23276723276723277,0.4062968515742129,0.5808191808191807,0.8004497751124438,0.6906981906981907,0.5428119273696486,0.540959040959041,0.770841851801372,5-HTT
raw_H3_cban_hc8_gallezot,0.26095044344027146,0.21978021978021978,0.16841579210394803,-0.2454532840830255,0.014985014985014986,0.00399800099950025,0.22611853824086398,0.28471528471528473,0.2108945527236382,0.521978021978022,0.5618024321172748,0.11388611388611389,0.025320672996834912,0.540959040959041,0.6823017062897122,H$_3$
raw_NMDA_ge179_hc29_galovic,0.20499278120488254,0.0969030969030969,0.12643678160919541,-0.047186357414733836,0.5294705294705294,0.39580209895052476,0.20733110831942697,0.08091908091908091,0.12893553223388307,0.4213786213786214,0.5618024321172748,0.6702672327672328,0.5428119273696486,0.4318181818181818,0.6124437781109446,NMDA
5HT1b,-0.18675716723229518,0.30569430569430567,0.3028485757121439,-0.06883243020268875,0.5524475524475524,0.4362818590704648,-0.21495828098925615,0.22977022977022976,0.21689155422288856,0.5808191808191807,0.6393469931700816,0.6702672327672328,0.5428119273696486,0.540959040959041,0.6823017062897122,5-HT$_{1B}$
raw_M1_lsn_hc24_naganawa,-0.16968893555584721,0.2137862137862138,0.034482758620689655,-0.09934993343708397,0.27972027972027974,0.1294352823588206,-0.18472015450096563,0.14785214785214784,0.026986506746626688,0.521978021978022,0.43994669332000663,0.44289044289044294,0.21601699150424783,0.540959040959041,0.512743628185907,M$_1$
CB1,-0.09123094519340746,0.6533466533466533,0.6146926536731634,-0.2164427277670485,0.030969030969030968,0.015492253873063468,-0.13659122869517934,0.4865134865134865,0.44627686156921537,0.9134615384615385,0.8796673092025417,0.11768231768231767,0.07358820589705148,0.8161838161838162,0.770841851801372,CB$_1$
raw_A4B2_flubatine_hc30_hillmer,0.08318526990793693,0.7412587412587412,0.6481759120439781,-0.15607166294789343,0.13586413586413587,0.05247376311844078,0.055490034312714445,0.8101898101898102,0.7271364317841079,0.9134615384615385,0.8796673092025417,0.28682428682428684,0.14242878560719638,0.867132867132867,0.8126818943469442,$\alpha_4\beta_2$
GABA,-0.06905574409840061,0.5644355644355644,0.5817091454272864,-0.05006112538203363,0.5644355644355644,0.48375812093953025,-0.0746100913130707,0.5314685314685315,0.5527236381809095,0.9134615384615385,0.8796673092025417,0.6702672327672328,0.5428119273696486,0.8161838161838162,0.8078268558028677,GABA$_\mathrm{A}$
NAT,-0.06170963568522303,0.7482517482517482,0.5167416291854073,-0.0416430727692048,0.6543456543456544,0.5142428785607196,-0.05685991787448671,0.7412587412587412,0.5477261369315343,0.9134615384615385,0.8796673092025417,0.6906981906981907,0.5428119273696486,0.867132867132867,0.8078268558028677,NAT
D2,-0.05545159657247858,0.6803196803196803,0.6991504247876063,-0.07657660360377251,0.38161838161838163,0.5132433783108445,-0.07605835036468976,0.5584415584415584,0.6281859070464768,0.9134615384615385,0.8855905380643012,0.5577499423653269,0.5428119273696486,0.8161838161838162,0.8126818943469442,D$_2$
5HT2a,-0.047180357377233605,0.7692307692307693,0.9035482258870565,-0.13936362102263136,0.18281718281718282,0.136431784107946,-0.07472690454315338,0.6543456543456544,0.6846576711644178,0.9134615384615385,0.9955022488755624,0.34735264735264737,0.21601699150424783,0.867132867132867,0.8126818943469442,5-HT$_{2A}$
mGluR5,-0.010577878611741323,0.9470529470529471,0.9505247376311844,-0.23478315489471807,0.01998001998001998,0.0014992503748125937,-0.04736804605028781,0.7452547452547452,0.7246376811594203,0.993006993006993,0.9955022488755624,0.11388611388611389,0.018990504747626185,0.867132867132867,0.8126818943469442,mGluR$_5$
raw_5HT4_sb20_hc59_beliveau,0.007118669491684322,0.97002997002997,0.9685157421289355,-0.1736245851536572,0.1258741258741259,0.06546726636681659,-0.02728535803348771,0.8671328671328671,0.8655672163918041,0.993006993006993,0.9955022488755624,0.28682428682428684,0.1554847576211894,0.867132867132867,0.8655672163918041,5-HT$_4$
raw_5HT6_gsk_hc30_radhakrishnan,-0.001117131982074888,0.993006993006993,0.9955022488755623,-0.13067950424690153,0.12087912087912088,0.09195402298850575,-0.0262246639041494,0.8521478521478522,0.8545727136431784,0.993006993006993,0.9955022488755624,0.28682428682428684,0.19412515964240104,0.867132867132867,0.8655672163918041,5-HT$_6$
