sub_id,roi,time,global_baseline_energy,global_evoked_energy,global_effect_size
id_100206,100,0,231.0133236045064,297.7875301272816,0.0002523571842197
id_100206,100,1,371.2147428477334,457.6541786372198,0.0001836489637168
id_100206,100,2,528.6079802034274,610.8712781522461,0.0001929390217507
id_100206,100,3,673.7361081437541,743.7319263572938,0.0001862569761992
id_100206,100,4,791.1038630494013,849.0089728435036,0.000193844324063
id_100206,100,5,878.0324213126519,924.0953954440022,0.0001850113773523
id_100206,100,6,939.950978580895,974.9434674290892,0.0001903970118093
id_100206,100,7,984.088634047088,1009.129350614136,0.000197959940033
id_100206,100,8,1014.5183737654716,1023.6784126798608,0.000194407268733
id_100206,100,9,1031.0199903023672,1017.986553556584,0.0002194767488566
id_100206,100,10,1030.6397860862874,993.5712260460874,0.0002226330784891
id_100206,100,11,1008.9840880221412,945.973742033943,0.0002220916181248
id_100206,100,12,961.2070939261162,871.587770439736,0.000220152586287
id_100206,100,13,884.6710017672926,771.1462854322674,0.000219630466743
id_100206,100,14,782.5407011694185,652.9949034551812,0.0002280899520816
id_100206,100,15,664.9306460861258,533.529819458397,0.0002291372056548
id_100206,100,16,546.4524134358353,426.2334148430401,0.0002284094934608
id_100206,100,17,442.3579080490582,344.5969621745647,0.0002466426361525
id_100206,100,18,365.21156512101334,297.7817926826897,0.000259346326072
id_100206,100,19,322.28027814579207,287.24186988898157,0.0002717187856433
id_100206,100,20,313.5479123393595,302.82583109205063,0.000247838424894
id_100206,100,21,331.29833504426324,330.6061688876524,0.0002230456163685
id_100206,100,22,362.19690023798273,357.6437329462634,0.0002165508619839
id_100206,100,23,391.1836654896299,372.73008658016767,0.0002260631949973
id_100206,100,24,406.2294803080176,372.600279235554,0.0002362402296113
id_100206,100,25,403.2879418761683,362.57344996214294,0.0002244853975727
id_100206,100,26,389.034547845107,356.98137145930036,0.0002337810596832
id_100206,100,27,377.65749574230136,365.5200714322473,0.0002238441637095
id_100206,100,28,380.66434207806253,384.4824397187843,0.0002329722028115
id_100206,100,29,396.12091992353874,400.9629385162645,0.0002575259781313
id_100206,100,30,408.16611997354016,393.9783484896387,0.0002605803298796
id_100206,100,31,399.0259966764716,356.83300047255636,0.0002406951399698
id_100206,100,32,362.5500702294678,299.8161911112414,0.0002436099644476
id_100206,100,33,308.2559572305852,243.4728642039477,0.0002508671711257
id_100206,100,34,255.27709237741325,208.38681459528135,0.0002745529535962
id_100206,100,35,221.76958490480496,202.27520662671608,0.0002621588337664
id_100206,100,36,216.07026875421585,218.7296953156332,0.0002632308732868
id_100206,100,37,234.3318789694404,247.5736147521364,0.0002688983514956
id_100206,100,38,264.80716898283265,276.3246173451387,0.0002591245066956
id_100206,100,39,294.471518383407,292.8077737397024,0.000231906470626
id_100206,100,40,313.33410801607204,293.7354890459617,0.0002469096679001
id_100206,100,41,315.9893085319065,279.49349140034246,0.0002498047255834
id_100206,100,42,302.2307495236556,252.195922613082,0.0002650353200479
id_100206,100,43,276.31084310154404,222.91121103541977,0.0002666599052652
id_100206,100,44,244.7614897739055,195.25351100661965,0.0002628699675967
id_100206,100,45,214.77440805951733,175.3432872442649,0.0002635885011587
id_100206,100,46,193.4335923495085,170.02916897913644,0.0003058136501485
id_100206,100,47,186.04758524748752,180.56531255613697,0.0002980426204603
id_100206,100,48,193.03312998795224,196.09841663409748,0.0002976823614405
id_100206,100,49,207.78208382315415,206.14439311476167,0.0002932114672885
id_100206,100,50,219.12111707946295,205.3233178692131,0.0002946381631787
id_100206,100,51,218.21372718715728,191.4420999682268,0.0003220394058455
id_100206,100,52,204.27231489290145,168.70894050983406,0.0002918363292608
id_100206,100,53,184.2021577847079,150.2737294605402,0.0002990422926889
id_100206,100,54,167.695172911986,144.51585934672894,0.0002900646891867
id_100206,100,55,162.2809594426467,150.8723670103587,0.0002829170179195
id_100206,100,56,170.50037967704918,169.1851090212433,0.0002755232809304
id_100206,100,57,189.4014762990989,194.75867730428195,0.0002640511295767
id_100206,100,58,212.4395610361533,216.68315196428836,0.000273824490611
id_100206,100,59,232.65706499597636,229.63968652196425,0.0003000033633014
id_100206,100,60,245.112759845172,231.9423592520175,0.0002771946856498
id_100206,100,61,247.74788802494973,226.9433063949095,0.000308896283852
id_100206,100,62,241.313090597403,216.26107489633887,0.0002989969357404
id_100206,100,63,228.92492782113217,204.2118397437155,0.0002795559168607
id_100206,100,64,214.94988344785168,193.4024467857708,0.0002794936679667
id_100206,100,65,203.36008091694745,186.83524988188424,0.0002834081219354
id_100206,100,66,196.9559154656324,186.4052016085252,0.0002687340105839
id_100206,100,67,197.83445869730383,194.16053592519145,0.000253749906937
id_100206,100,68,207.34772188390235,210.70138886040425,0.0002675761153096
id_100206,100,69,224.57183415007657,231.47543102669147,0.0002701232586095
id_100206,100,70,244.76520011527376,247.4490169180068,0.0002731945472915
id_100206,100,71,259.7722128769903,251.60085650077392,0.0002978209844382
id_100206,100,72,260.99231549404385,237.113874307208,0.0002885161636368
id_100206,100,73,243.9744242833554,205.4490082056925,0.0002987611946078
id_100206,100,74,211.99234026512653,167.70806207526266,0.0002894219594698
id_100206,100,75,175.198862280821,135.83233598668892,0.0003235355615323
id_100206,100,76,145.22027721639466,119.252082480371,0.0003024025242563
id_100206,100,77,129.34691935892494,116.32665864246394,0.0002917627886684
id_100206,100,78,128.0310690361913,123.5651830589862,0.0002867866625446
id_100206,100,79,136.34442490533127,136.14755971495987,0.0002925253656133
id_100206,100,80,148.33635048488836,151.75270094566227,0.0002775518400032
id_100206,100,81,161.87466873879006,173.35327726115847,0.0002689641786068
id_100206,100,82,180.03760130356557,203.6951191145258,0.0002724629003047
id_100206,100,83,207.79834954327595,243.453171385064,0.000254709656077
id_100206,100,84,247.46228633548668,294.13380541823017,0.0002634860144072
id_100206,100,85,296.3658059967993,348.83950325542526,0.0002484386477168
id_100206,100,86,347.52065585951385,395.29346222564504,0.0002522193160378
id_100206,100,87,391.94395793902675,426.53888878624974,0.000288750948175
id_100206,100,88,421.72641621050184,435.3210485187934,0.00028863553482
id_100206,100,89,433.1228845570855,424.6499337782774,0.0002790653807945
id_100206,100,90,427.5327440646211,402.6739518635802,0.0002781017147021
id_100206,100,91,409.2683571477548,375.17406398883026,0.0002632325446921
id_100206,100,92,382.4983904844526,344.7821016063763,0.0002757371676328
id_100206,100,93,350.3080243549799,311.98663534727433,0.000246269532063
id_100206,100,94,315.6651546873811,278.10671846624507,0.0002680238936417
id_100206,100,95,282.3418037638929,250.60715310358788,0.0002538273665626
id_100206,100,96,254.76335877877213,228.95715253292715,0.0002606810170152
id_100206,100,97,236.59785555701905,216.38606029244352,0.0002594057408155
id_100206,100,98,228.79426473317625,210.989887333323,0.000271579984611
id_100206,100,99,228.18372123615373,210.40021426516503,0.0002691400547993
id_100206,100,100,227.50072618858604,203.54892792484236,0.0002790455862684
id_100206,100,101,218.27266141127893,185.0712435725814,0.0003067108504531
id_100206,100,102,196.7600446291752,159.18506894436928,0.0003036437111338
id_100206,100,103,168.59777948396626,136.524098686515,0.0002945668411485
id_100206,100,104,146.2554081852544,129.64586807532567,0.0002939745245873
id_100206,100,105,140.6431228866765,145.1066782637822,0.0003040247208526
id_100206,100,106,154.41176324860925,171.57061000774473,0.0003178919559488
id_100206,100,107,180.9484965772419,199.91408451389367,0.0003088303627042
id_100206,100,108,208.290380340696,217.54889129819077,0.0002989050609714
id_100206,100,109,225.3574493746678,220.38826962626388,0.0002969064856932
id_100206,100,110,227.13581600538825,209.61408303682632,0.0002991192748415
id_100206,100,111,215.95717470165528,194.3177602385702,0.0002930658164099
id_100206,100,112,198.62625436891403,178.11071600862158,0.000296897890669
id_100206,100,113,182.24070115647143,165.43948735804688,0.0003018512537029
id_100206,100,114,171.35289298979234,157.8360661033537,0.0003225577901413
id_100206,100,115,166.8601537722176,156.06072477019933,0.0003431263244351
id_100206,100,116,166.55596824905598,156.18658148413255,0.0003430930630818
id_100206,100,117,167.54541837094015,157.68061174467388,0.000337115838524
id_100206,100,118,169.08276382253166,161.25293456728124,0.0003024164565049
id_100206,100,119,173.25019601588005,170.82285690849574,0.0002887201062349
id_100206,100,120,183.02421978916203,188.6199361857819,0.0002905770138295
id_100206,100,121,199.71533131953709,211.65220364981556,0.0002749770825317
id_100206,100,122,221.61256436285936,234.10745045839624,0.0002780571373888
id_100206,100,123,244.34337219334057,251.43984998578048,0.0002832909376114
id_100206,100,124,262.6735591896744,262.4093559615554,0.000308945707347
id_100206,100,125,272.90817403433914,265.14781267788476,0.0003163738570194
id_100206,100,126,274.3601250459117,261.35423053578114,0.0003091225782448
id_100206,100,127,268.81003792659885,253.81587738514827,0.0003088827258324
id_100206,100,128,258.8317119947927,242.91985579785128,0.0003241153920033
id_100206,100,129,246.68973559903537,231.0951176204777,0.0003306935392042
id_100206,100,130,234.32085052525585,221.1930450846485,0.0003317934150685
id_100206,100,131,223.6937987592829,213.2455284304181,0.0003143027112806
id_100206,100,132,216.60262670626855,207.90895918853064,0.000315011071401
id_100206,100,133,213.53033478329155,203.57170237734923,0.000285998085405
id_100206,100,134,212.44333548515368,199.52778527022969,0.0002886529949471
id_100206,100,135,209.34808143061957,191.3490175038036,0.000288000510993
id_100206,100,136,201.0071774444653,179.95885358786973,0.0002707791655718
id_100206,100,137,187.59552578732053,167.66103310715806,0.0002638111137239
id_100206,100,138,173.0567615053683,157.55158845300593,0.0002726107896898
id_100206,100,139,162.9803686169991,156.38748454778042,0.0002871669403532
id_100206,100,140,161.49627578972093,164.38550653161184,0.0003013445469323
id_100206,100,141,169.2158043771746,179.31918222831194,0.000296913773067
id_100206,100,142,183.32120100467048,196.42554236721088,0.0002967563392646
id_100206,100,143,199.1786439392317,208.83291603628504,0.0002796786698494
id_100206,100,144,212.07464960303236,212.21464681153475,0.0002982711253886
id_100206,100,145,218.23402442788313,206.69350180828096,0.0003206878623039
id_100206,100,146,215.3474823532131,193.7984770875558,0.0003308442208045
id_100206,100,147,203.37666525571603,175.54541707441197,0.0003246362921189
id_100206,100,148,185.484464197316,157.76862086539552,0.0003355432841966
id_100206,100,149,167.75723160387236,146.88396841579964,0.0003416100886643
id_100206,100,150,156.90264388305928,147.6280016979181,0.0003038037852108
id_100206,100,151,156.90092664622426,156.96978594527397,0.0002771830731902
id_100206,100,152,166.58328303906012,169.62429756059726,0.0002712093535983
id_100206,100,153,179.68624116378433,178.61149772810106,0.0002754623482188
id_100206,100,154,188.03882970692231,178.25346993566126,0.0002845378178857
id_100206,100,155,186.5114870219837,167.52340780241408,0.0002598052350674
id_100206,100,156,176.04968505782753,152.62470365497126,0.0002601593814506
id_100206,100,157,162.2754447888694,140.79366669871234,0.0002423136945607
id_100206,100,158,151.2499572189305,134.63989048352482,0.0002343569857296
id_100206,100,159,146.0723856969646,134.08993719819213,0.0002542701014814
id_100206,100,160,146.31560438649336,137.17574533326385,0.0002599083131548
id_100206,100,161,149.83955455572217,142.29075853730916,0.0002695291832679
id_100206,100,162,155.4142429653748,151.0735853727553,0.0002622295522691
id_100206,100,163,164.3473935634571,166.50380705064558,0.0002599168845664
id_100206,100,164,179.67673584518442,191.26099375904496,0.0002655944338789
id_100206,100,165,203.39188461881736,221.7842697152977,0.0002684059994516
id_100206,100,166,234.3524396322395,255.7213954290692,0.000261115935989
id_100206,100,167,268.47139437932935,288.8312318938313,0.0002612264677321
id_100206,100,168,300.28586474796816,313.0520924421538,0.0002614712067005
id_100206,100,169,324.9247308289214,327.56152027669987,0.0002522112475437
id_100206,100,170,339.95966917466984,332.5534390053554,0.0002480799198867
id_100206,100,171,346.454335035915,335.27202134175377,0.0002453269249583
id_100206,100,172,347.9303067739615,332.8462484845384,0.0002708773819265
id_100206,100,173,347.03977870618195,327.1858669174916,0.0002657051589536
id_100206,100,174,343.0893061064196,316.2386506804528,0.0002711767543075
id_100206,100,175,333.487649042017,302.4285267068402,0.0002665288323278
id_100206,100,176,317.33995269560364,285.5257493854325,0.0002500617222492
id_100206,100,177,297.19629568597793,267.8507765455681,0.0002667549270155
id_100206,100,178,278.008785882964,258.4023284870094,0.0002784939422752
id_100206,100,179,265.0709391578357,258.5111428093255,0.0002664937017929
id_100206,100,180,262.0257885305908,267.13596584643324,0.0002594713062641
id_100206,100,181,269.43440854074373,283.84985433011883,0.0002709128614485
id_100206,100,182,284.70085715600476,301.2737519591825,0.0002638759616643
id_100206,100,183,303.1084361782507,314.8396803659382,0.000262600999008
id_100206,100,184,319.1094465482074,320.0217310765446,0.0002583511814773
id_100206,100,185,327.507429715576,314.7313987078146,0.0002897386235842
id_100206,100,186,324.57204718544244,298.0469170224316,0.0002788241092279
id_100206,100,187,309.1520626014163,270.3162854589697,0.0002720618591735
id_100206,100,188,283.1520276169149,236.71212688467543,0.0003141156055095
id_100206,100,189,250.47477627235472,203.06387682367364,0.0003328284112603
id_100206,100,190,215.31992074965592,172.3739735845117,0.0003134146330879
id_100206,100,191,182.0230310352976,149.18343439609384,0.0003095622563204
id_100206,100,192,156.0087556252317,136.37243309013536,0.000297357071651
id_100206,100,193,142.93268219269453,138.5544086362396,0.0002953065293649
id_100206,100,194,145.58444776882348,154.12072076316036,0.0002838074783965
id_100206,100,195,161.53988995453523,175.23541175207788,0.0002800918501844
id_100206,100,196,183.9406579185658,195.06070683228324,0.0002834386415031
id_100206,100,197,205.07944175044747,207.8249889766696,0.0002658095704516
id_100206,100,198,220.2599927456292,217.16593034952177,0.0002695788057325
id_100206,100,199,228.95949023320665,223.35163053826295,0.0002644095614439
id_100206,100,200,232.7954013562706,225.5899927488055,0.0002668477268458
id_100206,100,201,232.63630019246415,222.04475362591876,0.0002874965345007
id_100206,100,202,227.52338545553903,211.00873039168565,0.0002702061059984
id_100206,100,203,216.2838587867629,194.2728900888247,0.000298454829161
id_100206,100,204,200.26839605505597,175.00487073044314,0.0003033430775362
id_100206,100,205,184.4485065434155,163.7980614963771,0.000281019146685
id_100206,100,206,175.88600694223368,166.1242333020983,0.0002707190763291
id_100206,100,207,180.77391868275248,184.3623420950007,0.0002767342491551
id_100206,100,208,201.74411143419232,219.18401875282444,0.0002551303744738
id_100206,100,209,237.1247927659885,267.48350662042674,0.0002356183684359
id_100206,100,210,282.51959145862156,320.52585019598047,0.0002437894570623
id_100206,100,211,333.12312543678456,373.0774579081952,0.0002542586103123
id_100206,100,212,385.26575256666,426.34362107970264,0.0002304432021348
id_100206,100,213,436.6702928824604,476.47065717109206,0.0002289106388853
id_100206,100,214,485.4198840852034,520.277845756063,0.0002505118915302
id_100206,100,215,528.6163412976184,555.5120741816736,0.0002683613680686
id_100206,100,216,562.1747288682137,580.8284511862903,0.0002743402867105
id_100206,100,217,582.2471492895218,592.9060195354357,0.0002646207757961
id_100206,100,218,587.5649041959001,592.0497910705111,0.0002597060046388
id_100206,100,219,580.7700765532742,580.1439462317483,0.0002592661195071
id_100206,100,220,567.2065184543018,566.4362559559601,0.0002654668216449
id_100206,100,221,552.4798767609255,552.9530243790782,0.0002835039303853
id_100206,100,222,540.9563459467955,546.7857278602701,0.000277331611626
id_100206,100,223,535.3357952748526,546.761595929027,0.0002783691327239
id_100206,100,224,536.4657609399901,551.0122345867112,0.0003034706510272
id_100206,100,225,543.0444467511038,557.46761085901,0.0002881365906896
id_100206,100,226,551.5003547206833,561.0762103695952,0.0003038227866737
id_100206,100,227,556.6696011228605,555.6831165704331,0.0003081350740506
id_100206,100,228,553.426288905421,537.0655254997757,0.0003307064425497
id_100206,100,229,538.737065564947,507.2095718707766,0.0003275856202111
id_100206,100,230,512.8355353307077,469.5674079841097,0.0003126862435875
id_100206,100,231,478.4990833481348,428.02120006282894,0.000275634793997
id_100206,100,232,439.5531506890123,388.4922219681481,0.0002744615134023
id_100206,100,233,400.18187888813907,353.04309511442426,0.0002715948055058
id_100206,100,234,364.5529869377507,323.38515227142193,0.0003028199876826
id_100206,100,235,335.6053787919743,303.44317435547316,0.0002882466767035
id_100206,100,236,313.5982886747798,290.8949185552015,0.0002809464808185
id_100206,100,237,296.0327403656834,279.24234972284944,0.0002970326110764
id_100206,100,238,279.5805847858577,264.6012088266987,0.0003033395329377
id_100206,100,239,263.1723101594671,252.65459610134968,0.0002795889933652
id_100206,100,240,249.9597760755204,248.7260572550328,0.0002549332192415
id_100206,100,241,245.817504219176,255.95554353542548,0.0002453812756619
id_100206,100,242,255.50072237963585,276.3384047981632,0.0002618984974514
id_100206,100,243,280.12502152157805,309.13644687676805,0.0002407784452056
id_100206,100,244,317.2451212541837,352.60766237450196,0.0002324925353515
id_100206,100,245,362.4213119600323,398.4216478753231,0.0002460181270574
id_100206,100,246,410.876646221124,444.3837665756889,0.000258858821143
id_100206,100,247,458.37494216133734,485.0882730155579,0.0002365849926068
id_100206,100,248,501.91075965955895,521.0333455907676,0.0002300284166329
id_100206,100,249,540.9260818434218,554.803022888583,0.0002371353705502
id_100206,100,250,578.1733870112535,591.6103478939841,0.0002378405533601
id_100206,100,251,619.1277440306621,635.4788810589449,0.000231017718012
id_100206,100,252,669.971246933467,689.4186779675334,0.0002241993604899
id_100206,100,253,734.8319271219232,752.6281688014545,0.0002198177026086
id_100206,100,254,813.0806312581874,816.1858808474567,0.0002150562755931
id_100206,100,255,897.3838604046726,874.8951868924305,0.0002097746824313
id_100206,100,256,973.2921509143398,920.58420954933,0.0002093346336001
id_100206,100,257,1021.5322465000728,929.7625672858196,0.0002073981260687
id_100206,100,258,1023.5050267658736,879.4864032090206,0.000217993508054
id_100206,100,259,968.2624664311288,777.336658742232,0.000221335934987
id_100206,100,260,857.8917150077148,644.2854254849683,0.0002288621256619
id_100206,100,261,708.8111586662676,501.1553609956301,0.0002409235378822
id_100206,100,262,547.6088450749533,370.8779462585055,0.0002638307686083
id_100206,100,263,402.7863283285917,271.4820969628348,0.0002910584490438
id_100206,100,264,296.3621342498949,215.9460157404444,0.0002753819330526
id_100206,100,265,238.01901907912796,202.2297892534337,0.0002672331278827
id_100206,100,266,223.10003476828297,212.52713029756305,0.0002715164539399
id_100206,100,267,236.00506357996107,235.26411492538975,0.0002693093695704
id_100206,100,268,257.919945995701,252.9188870667444,0.0002778362254151
id_100206,100,269,274.1071419385223,256.64596192902894,0.0002894645006317
id_100206,100,270,277.04095723460097,247.59316307419388,0.0002969096156679
id_100206,100,271,265.82411768340984,228.2077580254341,0.0002897325213901
id_100206,100,272,244.1685558398528,204.99688456168872,0.0002828041655593
id_100206,100,273,218.3354947085843,183.46524457471529,0.0002883336986524
id_100206,100,274,195.1425608243717,169.78746337191956,0.0002928289053534
id_100206,100,275,180.0268872740764,166.8116250781493,0.0002966189871956
id_100206,100,276,175.42862526854896,171.9602590698252,0.0003018991127476
id_100206,100,277,179.98316377745888,180.82447749396232,0.0002939681286329
id_100206,100,278,189.09550446827168,189.0714534172871,0.0003093454053278
id_100206,100,279,196.86520513582775,192.89943016090268,0.000302101996297
id_100206,100,280,198.67344873795764,190.11691158714112,0.0003166017088432
id_100206,100,281,193.43591173322284,181.99633547956677,0.000313681432059
id_100206,100,282,184.40477548632748,173.65260587170465,0.0002958654363895
id_100206,100,283,177.48016382721391,169.7949529543741,0.0002888056312352
id_100206,100,284,177.4971542911551,174.12344372880244,0.0002816368233654
id_100206,100,285,185.50856222024936,186.54947963993,0.0002733364498933
id_100206,100,286,199.5690488695971,203.65481444931905,0.0003002050765054
id_100206,100,287,217.87688342044527,222.8180454174397,0.0002765768622253
id_100206,100,288,241.1047472011124,251.5511614838927,0.0003113585749991
id_100206,100,289,271.6739324177705,287.88187631324814,0.000310355145946
id_100206,100,290,310.12262490802016,327.5250578359879,0.0003137937382212
id_100206,100,291,351.53824182853066,361.9099961412316,0.0003067399467125
id_100206,100,292,385.62453019500634,379.92789024339663,0.000310765336028
id_100206,100,293,400.8062555962813,373.33327344967415,0.0003139978938061
id_100206,100,294,389.2896250934928,338.9256867264583,0.0003153802119665
id_100206,100,295,350.22602839429936,283.75150755984293,0.0003223078268975
id_100206,100,296,290.61816663578634,218.35956815127173,0.0003188240822322
id_100206,100,297,223.9114384514345,157.514546811691,0.0003158319618251
id_100206,100,298,165.82327805180824,116.47018046817618,0.0003019549417729
id_100206,100,299,128.95949279238005,104.5909984314522,0.0002890094731499
id_100206,100,300,119.50722620382166,121.2104718855538,0.0003099520162427
id_100206,100,301,137.45251251477634,159.63454601899252,0.0002981664677454
id_100206,100,302,178.5102181778179,212.99467839128656,0.0003144246347192
id_100206,100,303,235.49603175627436,274.3894673884785,0.0003120739244156
id_100206,100,304,299.1123187485029,333.17679891820336,0.0003281198903085
id_100206,100,305,359.3072797839807,382.96608614707753,0.0002939520006819
id_100206,100,306,407.1745318202302,417.5255625382564,0.0003046756244227
id_100206,100,307,436.5931405187566,431.5903527379491,0.0002799421075311
id_100206,100,308,445.22505155231056,428.0453626185744,0.0002732666149357
id_100206,100,309,434.547021721544,407.107525709128,0.0002581814888815
id_100206,100,310,408.9312304168144,375.492215782484,0.0002762154498444
id_100206,100,311,374.3976464084744,340.5677496949015,0.0002781990887304
id_100206,100,312,337.35490169409894,307.2124900572094,0.0002801494936912
id_100206,100,313,303.3288983910986,279.0040604189892,0.0003048118946358
id_100206,100,314,275.94662323289305,254.2374936147803,0.0003089692107262
id_100206,100,315,256.5487162707638,237.5208835525891,0.0003171923660379
id_100206,100,316,244.3151247752979,226.14816879417253,0.0003289491860362
id_100206,100,317,236.56167333461372,216.78262078393905,0.0003585218960268
id_100206,100,318,229.66648788294896,207.94022644441503,0.0003290116360937
id_100206,100,319,221.60874447808965,203.15294587206756,0.0003252780510728
id_100206,100,320,215.92603538034703,213.0888362496757,0.0003229111294873
id_100206,100,321,224.17842934308123,255.97827972964427,0.0002765041679118
id_100206,100,322,262.73892517151984,341.6433351680114,0.0002524842790823
id_100206,100,323,343.23570944415144,460.4692198541599,0.000230345018302
id_100206,100,324,462.27129108501936,596.0733793559647,0.0002348408781678
id_100206,100,325,598.2371355286786,720.3047049369543,0.0002358989746904
id_100206,100,326,718.0192017147449,795.1820495978799,0.0002306299371691
id_100206,100,327,789.555034350871,800.9297969961823,0.0002344144271042
id_100206,100,328,794.0245485941109,741.0077020321157,0.0002284497082404
id_100206,100,329,733.4222907459086,637.3987597341985,0.0002376582333049
id_100206,100,330,630.2191448725653,524.9700783322594,0.0002344092141342
id_100206,100,331,517.5299899537581,424.5291879015482,0.0002411599788532
id_100206,100,332,424.3932611855565,354.24757068385907,0.0002591894545843
id_100206,100,333,364.28202899751454,316.2650270229169,0.0002583847755142
id_100206,100,334,332.41673344534473,295.69724192784224,0.0002673622221711
id_100206,100,335,313.0028977290387,276.0327439597962,0.0002634521703949
id_100206,100,336,291.1776477725881,252.1146024584732,0.0002669606940663
id_100206,100,337,262.2802644224697,228.29078635987503,0.0003016192112476
id_100206,100,338,234.2086480974968,216.77941215917204,0.0002858011203777
id_100206,100,339,221.3455057735506,225.8441181621002,0.0002778774625737
id_100206,100,340,233.71323718112805,255.45408613826527,0.0002604768668136
id_100206,100,341,269.91889236293235,302.0824743416206,0.0002446561059973
id_100206,100,342,318.93380493932284,349.6064490676315,0.0002627391743898
id_100206,100,343,367.3102771818302,388.6962103114846,0.0002565048317643
id_100206,100,344,404.99470135037626,412.6590094749813,0.0002533435137962
id_100206,100,345,426.88431513029417,415.6806534287717,0.0002513974835391
id_100206,100,346,432.0983545812745,403.91974345348535,0.0002554403103758
id_100206,100,347,422.9044500112136,383.3919513782201,0.0002541399090825
id_100206,100,348,403.2018429355222,354.67005093821143,0.0002806296502302
id_100206,100,349,376.408151818248,320.24349425335845,0.0003065067564034
id_100206,100,350,344.0119202495856,284.57405560270087,0.0003009432031125
id_100206,100,351,307.1316009532884,249.79657365125345,0.0003209082842537
id_100206,100,352,270.9200195602615,225.91884144626263,0.0002832790483957
id_100206,100,353,246.52508543677757,226.01420172763775,0.0002550929187986
id_100206,100,354,245.5889550907732,252.38180923153203,0.0002681136938453
id_100206,100,355,269.9128419345521,292.7175541116925,0.000241819372899
id_100206,100,356,306.11060029448083,322.60946057582385,0.000273826067772
id_100206,100,357,331.99043030180445,323.829702399354,0.0002618252576881
id_100206,100,358,330.63098931155344,295.41746801765646,0.0002566750868755
id_100206,100,359,302.1210451589172,255.4057107860735,0.0002290799310596
id_100206,100,360,264.5278423335107,227.54593642491207,0.0002329388788476
id_100206,100,361,242.596371758665,228.7441056457924,0.0002347138573755
id_100206,100,362,250.47811866318895,253.4974235162165,0.0002568827285612
id_100206,100,363,279.96609570821795,280.3124316280266,0.0002638474216367
id_100206,100,364,305.0711880608096,284.7845010717553,0.0002654434852319
id_100206,100,365,301.90368550882573,256.42168629477015,0.0002534541779107
id_100206,100,366,268.2277174782222,219.52929232446957,0.0002470723546402
id_100206,100,367,227.55268192449057,210.54399332584097,0.00027603911725
id_100206,100,368,217.0395291078181,264.77505770780573,0.000305932263318
id_100206,100,369,269.0590786550239,397.9628058903976,0.0002748145118049
id_100206,100,370,395.43050480143177,595.2103648551997,0.0002821239713331
id_100206,100,371,579.4918551755338,812.7307206789826,0.0002928231426687
id_100206,100,372,778.8890277024457,985.3497492505398,0.0003014562324983
id_100206,100,373,939.7541083670246,1077.4673774587563,0.0002971743359387
id_100206,100,374,1018.6895154437366,1065.0905496345008,0.0003113257699662
id_100206,100,375,1001.0326557932854,961.495726419652,0.0003196029339483
id_100206,100,376,903.32727697413,809.7916488427038,0.000315019677049
id_100206,100,377,760.4259401603086,646.5715423986168,0.0003084873983719
id_100206,100,378,608.2377922268884,497.9373512260634,0.0003206058010882
id_100206,100,379,471.9299723108775,373.81954096145296,0.0003441500984235
id_100206,100,380,362.41868814609654,282.02152128482595,0.000320621517758
id_100206,100,381,279.40467605167885,218.20291168671056,0.000301639747805
id_100206,100,382,218.0175076194535,172.66582449948652,0.0003056121046281
id_100206,100,383,175.21139569343637,145.86383744838952,0.0002921570815003
id_100206,100,384,151.97156176749183,139.2421872896386,0.0002826667197372
id_100206,100,385,150.5129435165941,153.14718064292475,0.0002992427783833
id_100206,100,386,169.3481108861606,184.51309326076856,0.0003169222355448
id_100206,100,387,200.30344875307748,218.90353040459996,0.000265669820749
id_100206,100,388,230.88071098455347,242.702222936058,0.0002585969946597
id_100206,100,389,251.35255420465268,253.48990383626972,0.0002702425099091
id_100206,100,390,259.86406194193984,254.05739091679655,0.0002536012357677
id_100206,100,391,261.0220970779218,253.80001608850517,0.0002629213040757
id_100206,100,392,262.4671047384802,261.7826092698947,0.0002600279260382
id_100206,100,393,274.25686056223674,292.68882804931945,0.0002463162676202
id_100206,100,394,309.1649893707283,355.3790774480649,0.0002315536267199
id_100206,100,395,379.52143420835887,454.3932976322026,0.000217179098932
id_100206,100,396,489.0606137453916,580.2761846750507,0.0002030795340838
id_100206,100,397,623.6427702866416,694.3937245135954,0.0002053701424183
id_100206,100,398,749.394980134533,758.4568304682114,0.0002205669235886
id_100206,100,399,823.8975993727,751.1252913855142,0.0002115236244176
id_100206,100,400,815.6180640904261,666.887325210945,0.0002295935560966
id_100206,100,401,720.2787685834669,525.3758257402499,0.0002368907656323
id_100206,100,402,564.9649140904006,373.4541983443039,0.000237823939248
id_100206,100,403,397.4070081536984,251.75093281469535,0.0002375979893109
id_100206,100,404,266.0134545118643,191.72734847233417,0.0002332612673459
id_100206,100,405,200.83523617293037,192.51270037172876,0.000268989004711
id_100206,100,406,204.53918148451237,243.1703389359119,0.0002946544928484
id_100206,100,407,257.92670846554483,319.0308010131975,0.0002921552444561
id_100206,100,408,335.8607467802611,402.7532023444765,0.0002856497909074
id_100206,100,409,421.4463671384694,485.75492516109034,0.0003047878831792
id_100206,100,410,509.88924023634354,570.6427270497945,0.0003071480984622
id_100206,100,411,603.8065350458155,666.6257560852478,0.0003192186641985
id_100206,100,412,705.851983324978,773.0282289199417,0.0003101562707784
id_100206,100,413,812.8403351610875,880.200675459846,0.0003228414722674
id_100206,100,414,913.4309824276896,968.6292591615456,0.0003273235592146
id_100206,100,415,989.8489969049372,1010.9939608214444,0.0003143906209027
id_100206,100,416,1022.83667924323,990.149840804083,0.0003088845469021
id_100206,100,417,997.9353871039796,906.5774408354448,0.000300049409067
id_100206,100,418,911.628935776665,776.4778039970569,0.0002999212271455
id_100206,100,419,775.9433315347176,618.312826757825,0.0003248337739641
id_100206,100,420,617.6128037564167,466.43550517804215,0.0003369591995281
id_100206,100,421,468.84332258419806,343.3183590911115,0.0003796389730736
id_100206,100,422,353.85949263314103,265.66771015229574,0.0003812742834837
id_100206,100,423,280.71547093021195,224.7589606897888,0.0004164627952525
id_100206,100,424,243.2772636917584,212.57158258199945,0.0003896875153667
id_100206,100,425,229.56283523404784,215.08165417386067,0.0003937011355246
id_100206,100,426,229.48143557521857,226.93978371604305,0.000393902862755
id_100206,100,427,238.300696781931,248.59358415903932,0.0003751044188973
id_100206,100,428,256.9700546328794,285.26013160360077,0.0003722895754542
id_100206,100,429,291.6495383429503,345.17220534770706,0.0003659655220566
id_100206,100,430,352.6407592587413,438.43894465091535,0.0003232467125826
id_100206,100,431,451.06060848307413,572.9853963906924,0.0002950650348114
id_100206,100,432,592.105418767693,740.248299025267,0.0002780111991906
id_100206,100,433,766.5183100819927,909.2756458706572,0.0002561954171227
id_100206,100,434,945.3790500995336,1046.2979322211288,0.000232813804252
id_100206,100,435,1085.0610101461598,1109.9064889775543,0.0002267974144509
id_100206,100,436,1144.3317303713588,1080.853512092172,0.0002341994841424
id_100206,100,437,1105.0230596061783,967.9040738212829,0.0002182737590968
id_100206,100,438,981.8408345853854,801.5166631088453,0.0002288321847728
id_100206,100,439,812.5616761403032,627.5958019526047,0.0002232966155512
id_100206,100,440,637.0677809883571,479.9948749781177,0.0002303279872353
id_100206,100,441,486.1786148420696,380.4117532134385,0.0002467912447901
id_100206,100,442,387.09749547221475,368.5248332629181,0.0002257513283829
id_100206,100,443,374.084508830927,493.2888941271923,0.0002177392613681
id_100206,100,444,494.26197889076354,798.6292793770577,0.0002215708381117
id_100206,100,445,801.6403386035321,1320.4171187853422,0.0002317619276428
id_100206,100,446,1335.35219831297,2050.0403694611887,0.000227204146876
id_100206,100,447,2090.3554567480683,2907.8115639174707,0.0002154992526417
id_100206,100,448,2999.2374876952617,3776.690222881443,0.0002077995937777
id_100206,100,449,3939.538639601373,4501.832931301945,0.0002035218782407
id_100206,100,450,4764.8759141025275,4973.715146708788,0.0002019197095572
id_100206,100,451,5343.654773243873,5142.466464682135,0.0002043737204795
id_100206,100,452,5589.691493126027,4996.085075959079,0.0001993467690155
id_100206,100,453,5477.926718538084,4565.864135399496,0.0001943549978449
id_100206,100,454,5042.728539273352,3925.240446423166,0.0001937589041896
id_100206,100,455,4362.158533422009,3168.528416121651,0.0001894703116814
id_100206,100,456,3537.31024380721,2385.057013977149,0.0001926402538343
id_100206,100,457,2673.276750291672,1669.0602589901828,0.0002031940624764
id_100206,100,458,1864.144220282722,1070.6003629595643,0.0002049103639436
id_100206,100,459,1182.5001581099718,617.4622333529376,0.0001913459911129
id_100206,100,460,673.638613208093,331.54524390602614,0.0002095617021311
id_100206,100,461,355.81963032465774,214.03381932914533,0.0002270745306323
id_100206,100,462,224.2430501449129,236.8346972315884,0.0002158818625624
id_100206,100,463,252.13356976791732,371.1659307157761,0.0002364576675722
id_100206,100,464,391.1195932590743,571.7383323653437,0.0002458509182998
id_100206,100,465,580.6556566252508,772.8055303139338,0.0002526158964769
id_100206,100,466,765.3854838490474,934.135381795071,0.0002707600813273
id_100206,100,467,909.1042172607164,1037.3177644559194,0.0002838442057886
id_100206,100,468,998.2420203394296,1081.463132931683,0.0002856737957253
id_100206,100,469,1036.2084424931727,1084.6430773591092,0.0002814796492318
id_100206,100,470,1034.708607688686,1056.2411066601112,0.0002833919774742
id_100206,100,471,1007.1609148470023,1007.4178200392244,0.0003126222498688
id_100206,100,472,965.4665063186594,952.9481427548172,0.0002942253814095
id_100206,100,473,918.9409475336222,900.5749484349992,0.000298905634761
id_100206,100,474,873.6379322875287,848.9298788149429,0.0002988928415409
id_100206,100,475,831.5490796953452,801.3062615751212,0.0002810852818813
id_100206,100,476,790.7291363184453,753.5805030147635,0.0002925231666987
id_100206,100,477,746.8649918395306,699.644143940014,0.0002661020871675
id_100206,100,478,694.8777897554238,632.9735492045138,0.0002838314545318
id_100206,100,479,629.8325191688207,543.2636168431668,0.0002821812544373
id_100206,100,480,548.6257917885264,441.5461439758026,0.0002683385929233
id_100206,100,481,452.72186684911503,338.5436584904096,0.0002705928199762
id_100206,100,482,350.53267151642683,244.00092765870977,0.0002841825754739
id_100206,100,483,257.53505537746736,178.40370439182067,0.0003038740749131
id_100206,100,484,192.0322053450711,159.16002613958955,0.0003191510428328
id_100206,100,485,167.1656941695569,183.06954511949527,0.0003238205085359
id_100206,100,486,183.97803136804296,235.0606752637579,0.0003232533265252
id_100206,100,487,230.4194725824066,286.50087498779584,0.000324907571728
id_100206,100,488,286.39298676079744,324.1841882904739,0.0003159852132864
id_100206,100,489,331.13615349503146,335.0710758328064,0.000318616237184
id_100206,100,490,349.5597624538381,317.5948499023847,0.000300903119538
id_100206,100,491,336.2182520488302,278.4153072431152,0.00029491453429
id_100206,100,492,296.36596856341055,228.3159477113429,0.0003099851967041
id_100206,100,493,243.7236883694235,181.69226202614504,0.0003112863142898
id_100206,100,494,195.27335589499717,149.99084120531552,0.0003108275811629
id_100206,100,495,164.7585201838236,143.30046110377904,0.000286821544378
id_100206,100,496,158.20965064361374,159.38660258538815,0.0003197924938584
id_100206,100,497,174.08528713607322,193.48158234729132,0.0002947733929819
id_100206,100,498,206.5203461791768,234.77624306316193,0.0002930440340376
id_100206,100,499,247.9384906092346,278.75758271964366,0.0003007202067701
