task,sub,t1_ec,t1_fc
MOTOR_HF,100206,0.76363283520522,0.5663041644010274
WM,100206,0.8586895543097143,0.729536122100763
RELATIONAL,100206,0.7773676710479439,0.6267326045787784
LANGUAGE,100206,0.8073309208182551,0.65214763842274
EMOTION,100206,0.7219931374571091,0.5509973187332421
SOCIAL,100206,0.7573241707760673,0.5650499690623066
GAMBLING,100206,0.6498036862730391,0.3916475727973299
MOTOR_HF,100307,0.7537824611403819,0.5412941330883317
WM,100307,0.8145767161044756,0.6366892918080738
RELATIONAL,100307,0.747205107531922,0.4853486584291152
LANGUAGE,100307,0.8754045337783362,0.6599448746554666
EMOTION,100307,0.7112485703035644,0.4888029925187032
SOCIAL,100307,0.761225132657079,0.5266812292576828
GAMBLING,100307,0.7050771567322296,0.5461828511428196
MOTOR_HF,100408,0.7873494834342714,0.6098993118706992
WM,100408,0.8017690735567098,0.6221611385071157
RELATIONAL,100408,0.7532906455665348,0.6213282583016143
LANGUAGE,100408,0.8313959462246638,0.717722985768661
EMOTION,100408,0.7698693116831979,0.5092055575347345
SOCIAL,100408,0.7576918605741284,0.5432257701610634
GAMBLING,100408,0.6347130294564342,0.43590141188382425
MOTOR_HF,101006,0.7806980668629178,0.5406361914761967
WM,101006,0.7176635478971743,0.4626870792942456
RELATIONAL,101006,0.7557244107775672,0.5437593984962406
LANGUAGE,101006,0.8064541653385333,0.6732915830723941
EMOTION,101006,0.7097397483734272,0.5462377889861811
SOCIAL,101006,0.8535349595934975,0.7977700485628034
GAMBLING,101006,0.6459077869236682,0.4680325502034387
MOTOR_HF,101107,0.6956128475802973,0.5016190726192038
WM,101107,0.7150107813173832,0.5571512946955919
RELATIONAL,101107,0.6765421033881461,0.4540715879474246
LANGUAGE,101107,0.7600251251570321,0.665828473927962
EMOTION,101107,0.7512963831023943,0.5788436802730016
SOCIAL,101107,0.7129336433352708,0.5558280989256182
GAMBLING,101107,0.7088489303058143,0.5766761667260419
MOTOR_HF,101309,0.8185290533065832,0.6595612472577953
WM,101309,0.7751647197794985,0.5178328614553841
RELATIONAL,101309,0.7019916374477341,0.5318240114000712
LANGUAGE,101309,0.8025837661485384,0.6958622241389009
EMOTION,101309,0.7821035756473478,0.5949196557478483
SOCIAL,101309,0.7486779292370577,0.5525693285583034
GAMBLING,101309,0.6536686479290496,0.4296473102956893
MOTOR_HF,101915,0.7179453621585135,0.5278364239776497
WM,101915,0.7897843736523353,0.60039843999025
RELATIONAL,101915,0.7107672547953423,0.45480959255995346
LANGUAGE,101915,0.7867316670729192,0.6871878574241088
EMOTION,101915,0.7085856786604916,0.4504946280914255
SOCIAL,101915,0.7836969606060037,0.5982328014550091
GAMBLING,101915,0.7980784879905499,0.6447158419740122
MOTOR_HF,102008,0.8124656404102524,0.7364873530459565
WM,102008,0.7531078319239495,0.4881377383608647
RELATIONAL,102008,0.8079149869686685,0.5869171057319108
LANGUAGE,102008,0.7809896311851949,0.640694504340652
EMOTION,102008,0.8014619466371664,0.7033236457727859
SOCIAL,102008,0.7475939849624058,0.6470273564209776
GAMBLING,102008,0.627131794573716,0.3174317964487278
MOTOR_HF,102109,0.7598974368589803,0.6122119513246956
WM,102109,0.7898972493578085,0.551644385277408
RELATIONAL,102109,0.6918080738004612,0.4366902293139332
LANGUAGE,102109,0.8445551534697091,0.7563902274389214
EMOTION,102109,0.7205773161082255,0.47915268220426366
SOCIAL,102109,0.7407858174113587,0.5271559822248889
GAMBLING,102109,0.7334520840755254,0.5402300639378996
MOTOR_HF,102311,0.7064423527647047,0.5221607635047718
WM,102311,0.7207275045469034,0.4887343670897943
RELATIONAL,102311,0.7090096188101175,0.46249151557197227
LANGUAGE,102311,0.8240155250970317,0.7355222845142783
EMOTION,102311,0.7498233738960868,0.5640155250970319
SOCIAL,102311,0.7689169932312078,0.6083526147038418
GAMBLING,102311,0.7170852942830892,0.44128157050981565
MOTOR_HF,102513,0.7855682223013892,0.6359537247107794
WM,102513,0.7988354302214389,0.676443477771736
RELATIONAL,102513,0.7587433671460446,0.5783979899874373
LANGUAGE,102513,0.7996118725742035,0.7289297433108958
EMOTION,102513,0.7258920368252301,0.5047062794142463
SOCIAL,102513,0.7769472934205838,0.6783424896405601
GAMBLING,102513,0.6982080513003205,0.5132135825848911
MOTOR_HF,102614,0.8490030562691016,0.7013025706410664
WM,102614,0.8109440684004275,0.6740020250126563
RELATIONAL,102614,0.7476500478127988,0.551110381939887
LANGUAGE,102614,0.862299139369621,0.8039596497478109
EMOTION,102614,0.8333545834661465,0.7410230063937898
SOCIAL,102614,0.84392271201695,0.7574539215870099
GAMBLING,102614,0.7288348677179232,0.5833146457165357
MOTOR_HF,102715,0.7818123863274145,0.5186889918061988
WM,102715,0.8648343427146419,0.788178613616335
RELATIONAL,102715,0.8088853055331594,0.6789507434421465
LANGUAGE,102715,0.8470378564866029,0.779321058256614
EMOTION,102715,0.8472647329045805,0.7099941874636716
SOCIAL,102715,0.7991656197851236,0.6264059775373595
GAMBLING,102715,0.7287518046987793,0.5943496521853261
MOTOR_HF,102816,0.7126343914649466,0.5018395739973374
WM,102816,0.8333678960493502,0.7402283764273526
RELATIONAL,102816,0.7282549265932912,0.5297104981906137
LANGUAGE,102816,0.8384859280370501,0.7339720248251551
EMOTION,102816,0.6984116775729847,0.5555048469052931
SOCIAL,102816,0.7195289970562314,0.49145350908443175
GAMBLING,102816,0.7204040650254064,0.5997886861792886
MOTOR_HF,103010,0.7051026568916056,0.43400221251382815
WM,103010,0.796365477284233,0.6966126038287739
LANGUAGE,103010,0.8606691916824479,0.8020593253707836
GAMBLING,103010,0.6600825005156282,0.4752753454709091
MOTOR_HF,103111,0.7408960681004255,0.5785316783229895
WM,103111,0.80933362083513,0.6693129957062233
RELATIONAL,103111,0.7710200063750396,0.6152235951474696
LANGUAGE,103111,0.80046819042619,0.6528205801286258
EMOTION,103111,0.7845343408396303,0.5535345845911537
SOCIAL,103111,0.7570832317701985,0.5923797648735304
GAMBLING,103111,0.7191084319276994,0.5649963437271482
MOTOR_HF,103212,0.7207586297414359,0.5075388596178725
WM,103212,0.8272150450940318,0.6637042731517071
RELATIONAL,103212,0.7641503384396152,0.5638126488290551
LANGUAGE,103212,0.864469277932987,0.756250726567041
EMOTION,103212,0.7788221176382352,0.497160482253014
SOCIAL,103212,0.7688268051675322,0.6603093769336058
GAMBLING,103212,0.6872859205370032,0.47837492734329584
MOTOR_HF,103414,0.7988519303245646,0.6068451052819079
WM,103414,0.7687178669866686,0.6018519490746818
RELATIONAL,103414,0.7302776892355577,0.5246429040181501
LANGUAGE,103414,0.8533879586747416,0.8147780923630773
EMOTION,103414,0.6637820861380382,0.44250126563291015
SOCIAL,103414,0.7679271745448409,0.6798370614816343
MOTOR_HF,103515,0.731621885136782,0.5529420808880054
WM,103515,0.7250848442802766,0.5224902030637691
RELATIONAL,103515,0.7256630978943617,0.5818573866086663
LANGUAGE,103515,0.7750666566666041,0.6189831811448822
EMOTION,103515,0.7657761611010069,0.6201586259914124
SOCIAL,103515,0.7553925337033355,0.6083374271089194
GAMBLING,103515,0.6385474284214275,0.4322200138750867
MOTOR_HF,103818,0.8010815067594173,0.6159456621603884
WM,103818,0.8204226276414226,0.6507301295633097
RELATIONAL,103818,0.8442782142388389,0.6962421015131344
LANGUAGE,103818,0.8193488084300525,0.706135975849849
EMOTION,103818,0.7827992049950311,0.6785481784261151
SOCIAL,103818,0.8049085931787072,0.6896576228601429
GAMBLING,103818,0.6648647179044869,0.43290158063487894
MOTOR_HF,104012,0.7229100181876136,0.5619393246207789
WM,104012,0.7864237901486884,0.6695124969531059
RELATIONAL,104012,0.6917580109875687,0.5175071719198244
LANGUAGE,104012,0.841129694560591,0.7510976318601991
EMOTION,104012,0.7333225207657547,0.537531922074513
SOCIAL,104012,0.7312705079406745,0.5729375808598803
GAMBLING,104012,0.7085901786886168,0.4582356139725873
MOTOR_HF,104416,0.8251714698216863,0.6789426808917555
WM,104416,0.7755999099994374,0.6552562203513771
RELATIONAL,104416,0.785758160988506,0.6314285714285715
LANGUAGE,104416,0.846086663041644,0.7159471621697634
EMOTION,104416,0.7789093056831604,0.6223833273957962
SOCIAL,104416,0.7981092381827386,0.606139163369771
GAMBLING,104416,0.6921735135844599,0.45816961356008473
MOTOR_HF,104820,0.7914956968481052,0.673701460634129
WM,104820,0.8283121144507153,0.8017130107063168
RELATIONAL,104820,0.8484728029550185,0.750296251851574
LANGUAGE,104820,0.8372958580991129,0.744122025762661
EMOTION,104820,0.7786481165507284,0.606644291526822
SOCIAL,104820,0.7473354208463803,0.5943466521665759
GAMBLING,104820,0.6842094013087582,0.4836161476009224
MOTOR_HF,105014,0.748482740517128,0.5554337839611496
WM,105014,0.8063630397689985,0.6264479777998613
RELATIONAL,105014,0.8269718560741004,0.6703148144675904
LANGUAGE,105014,0.8369802936268351,0.7779185494909342
EMOTION,105014,0.7504237526484541,0.5235784598653741
SOCIAL,105014,0.820006187538672,0.649972812330077
GAMBLING,105014,0.7529274557965987,0.5298325614535091
MOTOR_HF,105115,0.7116966981043631,0.48875949224682647
WM,105115,0.8394539965874785,0.6924101400633753
RELATIONAL,105115,0.7436052725329533,0.6650321564509778
LANGUAGE,105115,0.8603195019968874,0.7561914761967261
EMOTION,105115,0.7032919580747379,0.5160349127182045
SOCIAL,105115,0.7521864511653197,0.5736723979524871
GAMBLING,105115,0.7266939793373709,0.5365449159057244
MOTOR_HF,105216,0.7926383289895561,0.5571709823186394
WM,105216,0.8492025575159845,0.7558594116213225
RELATIONAL,105216,0.828621678885493,0.7373642960268502
LANGUAGE,105216,0.8237052106575665,0.7047632797704985
EMOTION,105216,0.7489473684210525,0.5305915661972886
SOCIAL,105216,0.752479140494628,0.5260112875705473
GAMBLING,105216,0.7301222507640672,0.5130386439915249
MOTOR_HF,105620,0.7599279995499971,0.6067712298201864
WM,105620,0.8222333264582903,0.684236588978681
RELATIONAL,105620,0.7583668647929048,0.6492438077737986
LANGUAGE,105620,0.8057142857142856,0.6722520765754786
EMOTION,105620,0.746202913768211,0.639711623197645
SOCIAL,105620,0.7693069956687227,0.6450336564603527
GAMBLING,105620,0.6917145107156919,0.4585151782198639
MOTOR_HF,105923,0.7161830386439916,0.42413815086344286
WM,105923,0.8024369527309545,0.6175799223745148
RELATIONAL,105923,0.7557684735529597,0.5773920462002887
LANGUAGE,105923,0.8460589128682054,0.7748682804267526
EMOTION,105923,0.8126638291489322,0.7239660247876549
SOCIAL,105923,0.7881283633022707,0.6585845536534602
GAMBLING,105923,0.7247300920630755,0.579907561922262
MOTOR_HF,106319,0.7038962743517146,0.44638872742954633
WM,106319,0.7656242851517822,0.6329171432321452
RELATIONAL,106319,0.761760448502803,0.6544940280876755
LANGUAGE,106319,0.7458635366471039,0.6190218063862899
EMOTION,106319,0.6744850280314252,0.5751099694373089
SOCIAL,106319,0.7387534922093263,0.5576888605553784
GAMBLING,106319,0.6861221007631297,0.4726527665797911
MOTOR_HF,106521,0.7549515309470683,0.6202385014906343
WM,106521,0.7494322464515402,0.5854504715654473
RELATIONAL,106521,0.7286826167663547,0.5551838448990306
LANGUAGE,106521,0.8233354583466147,0.7354326589541184
EMOTION,106521,0.8046297789361182,0.6703735023343895
SOCIAL,106521,0.7646033412708828,0.5921984512403202
GAMBLING,106521,0.6953797836236476,0.509816623853899
MOTOR_HF,106824,0.7467386046162788,0.5425545159657248
WM,106824,0.8590786192413703,0.6678433615210094
RELATIONAL,106824,0.7843198394989968,0.536562916018225
LANGUAGE,106824,0.8149727185794909,0.7958584741154631
EMOTION,106824,0.8055192844955281,0.6399311870699191
SOCIAL,106824,0.7749429058931617,0.6073181707385671
GAMBLING,106824,0.64958262239139,0.4123835148969681
MOTOR_HF,107018,0.7670402940018375,0.5529133932087075
WM,107018,0.8270322314514466,0.7049916561978512
RELATIONAL,107018,0.7893388708679429,0.6156497853111581
LANGUAGE,107018,0.8497412483828023,0.8018997618735116
EMOTION,107018,0.8495976224851405,0.8223235145219657
SOCIAL,107018,0.8033947087169294,0.6291284945530909
GAMBLING,107018,0.6848896555603472,0.40319764498528116
MOTOR_HF,107321,0.7204777529859562,0.47453265332908323
WM,107321,0.7338660866630415,0.5524924530778317
RELATIONAL,107321,0.8115654472840454,0.6991305570659816
LANGUAGE,107321,0.8443549022181388,0.7697579359870999
EMOTION,107321,0.7829409558809741,0.6244428402677515
SOCIAL,107321,0.7812532578328614,0.5946327789548685
GAMBLING,107321,0.6550587816173851,0.42206570041062746
MOTOR_HF,107422,0.7334440215251344,0.48238501490634317
WM,107422,0.8394163088519302,0.7247923424521403
RELATIONAL,107422,0.7738252114075711,0.6715046969043557
LANGUAGE,107422,0.8260011625072656,0.7363722273264207
EMOTION,107422,0.7997206232538953,0.720006187538672
SOCIAL,107422,0.7575118594491215,0.6246888418052612
GAMBLING,107422,0.8069943562147263,0.7368278551740948
MOTOR_HF,107725,0.8400898130613315,0.7416543228395176
WM,107725,0.6840265876661729,0.49539534622091386
RELATIONAL,107725,0.7527108919430746,0.6282588641179008
LANGUAGE,107725,0.8201003131269571,0.7313914461965387
EMOTION,107725,0.7337567734798341,0.5473170457315357
SOCIAL,107725,0.7127622672641704,0.5460861005381282
GAMBLING,107725,0.7418251364071026,0.43585172407327544
MOTOR_HF,108020,0.8213826336414601,0.6773470459190369
WM,108020,0.797239982749892,0.6372266701666885
RELATIONAL,108020,0.8165224157650985,0.6687893049331558
LANGUAGE,108020,0.8487609922562015,0.7584441152757205
EMOTION,108020,0.7417675735473346,0.5791078694241838
SOCIAL,108020,0.8380839255245345,0.6667095419346369
GAMBLING,108020,0.7579425496409351,0.6373386083663021
MOTOR_HF,108222,0.8204256276601729,0.68253314083213
WM,108222,0.8133780211126319,0.6762289764311026
RELATIONAL,108222,0.7673061706635665,0.627219357620985
LANGUAGE,108222,0.8284480528003298,0.7003545647160294
EMOTION,108222,0.7195588097425609,0.4732495828098925
SOCIAL,108222,0.749097931862074,0.44961299758123485
GAMBLING,108222,0.7285781786136163,0.5416657604110026
MOTOR_HF,108323,0.8035240845255283,0.6060291001818761
WM,108323,0.8136157725985786,0.7198044362777267
RELATIONAL,108323,0.7096133725835786,0.573554834717717
LANGUAGE,108323,0.8523718898243113,0.7217790111188195
EMOTION,108323,0.8011272570453565,0.6388935555847224
SOCIAL,108323,0.8583383646147789,0.727112669454184
GAMBLING,108323,0.7514701966887293,0.5516430727692048
MOTOR_HF,108525,0.7665968537303357,0.6551452196576228
WM,108525,0.7691959949749685,0.6153304708154425
RELATIONAL,108525,0.6653310333189582,0.4477556109725686
LANGUAGE,108525,0.755335908349427,0.5926135788348678
EMOTION,108525,0.7805536909605685,0.646483228020175
SOCIAL,108525,0.7150053437833985,0.4031668947930924
GAMBLING,108525,0.7543624022650142,0.552546265914162
MOTOR_HF,108828,0.7098246864042901,0.5299701873136707
WM,108828,0.7585821161382257,0.583726960793505
RELATIONAL,108828,0.8058055987849924,0.6170273564209776
LANGUAGE,108828,0.812302514390715,0.7255151594697467
EMOTION,108828,0.767249545309658,0.6555987849924061
SOCIAL,108828,0.7665205407533796,0.580826880168001
GAMBLING,108828,0.657688110550691,0.504071025443909
MOTOR_HF,109123,0.7295070594191213,0.5276787354920968
WM,109123,0.8345620910130688,0.6583696773104831
RELATIONAL,109123,0.7192481203007518,0.6013209457559109
LANGUAGE,109123,0.8195571222320138,0.7449415933849587
EMOTION,109123,0.8010938818367613,0.7031359570997318
SOCIAL,109123,0.8056297226857667,0.6449661560384752
GAMBLING,109123,0.7361509759435996,0.5110335064594154
MOTOR_HF,109325,0.7358768492303076,0.5073374833592709
WM,109325,0.7548287176794855,0.5930165188532428
RELATIONAL,109325,0.7973545459659122,0.6704788779929873
LANGUAGE,109325,0.8178060487878047,0.6995646222788892
EMOTION,109325,0.7143402771267319,0.4926760167251045
SOCIAL,109325,0.7774893593084955,0.5515888849305307
GAMBLING,109325,0.6733397708735679,0.45612716329477054
MOTOR_HF,109830,0.7107764423527646,0.4661817261357883
WM,109830,0.7857463484146775,0.6626184538653367
RELATIONAL,109830,0.6807215045094033,0.4781334258339114
LANGUAGE,109830,0.7318933868336678,0.6012540078375489
EMOTION,109830,0.7646374664841654,0.6686033037706486
SOCIAL,109830,0.6555455346595915,0.4385551159694748
GAMBLING,109830,0.6882298014362589,0.4981864886655541
MOTOR_HF,110007,0.6964899780623628,0.5156619728873304
WM,110007,0.7650835317720736,0.5247229670185438
RELATIONAL,110007,0.7654845967787298,0.5717283858024111
LANGUAGE,110007,0.8392985581159882,0.7254116588228675
EMOTION,110007,0.816574166088538,0.689609622560141
SOCIAL,110007,0.8141482759267245,0.7256844730279564
GAMBLING,110007,0.6723304520653254,0.450549565934787
MOTOR_HF,110411,0.7498878742992143,0.6380123000768755
WM,110411,0.8195434346464665,0.6497614985093657
RELATIONAL,110411,0.8198046237788985,0.658143550897193
LANGUAGE,110411,0.8559122869517934,0.7891414321339508
EMOTION,110411,0.7915451971574821,0.5895685598034986
SOCIAL,110411,0.8161738510865693,0.7535583972399827
GAMBLING,110411,0.7104710029437684,0.44234301464384146
MOTOR_HF,110613,0.7555142219638872,0.528589616185101
WM,110613,0.829329120807005,0.6522020137625859
RELATIONAL,110613,0.763852774079838,0.6069345433408958
LANGUAGE,110613,0.8477514859467872,0.7991414321339508
EMOTION,110613,0.777362796017475,0.610661316633229
SOCIAL,110613,0.7565216657604109,0.497386796167476
GAMBLING,110613,0.7226373914836968,0.5423004518778242
MOTOR_HF,111009,0.8283848649054056,0.7373371083569272
WM,111009,0.8325995162469765,0.6862762267264171
RELATIONAL,111009,0.8494163088519303,0.666451727823299
LANGUAGE,111009,0.8830579566122289,0.8322907018168862
EMOTION,111009,0.7453077831736448,0.532968331052069
SOCIAL,111009,0.7884589278682991,0.6307230045187782
GAMBLING,111009,0.727208482553016,0.5425440159000994
MOTOR_HF,111211,0.7796514353214706,0.6148427802673766
WM,111211,0.8415397596234975,0.7490544315901975
RELATIONAL,111211,0.7657030356439727,0.640917818236364
LANGUAGE,111211,0.8388157425983912,0.7926915793223708
EMOTION,111211,0.7507515046969043,0.5972302326889543
SOCIAL,111211,0.6909963812273826,0.5003397521234507
GAMBLING,111211,0.7383464271651697,0.49070556690979317
MOTOR_HF,111312,0.81276920480753,0.6033095831848948
WM,111312,0.813454334089588,0.6979761123507022
RELATIONAL,111312,0.7693876211726323,0.6576384227401421
LANGUAGE,111312,0.8033941462134138,0.6660217876361727
EMOTION,111312,0.8270054187838672,0.6979322370764817
SOCIAL,111312,0.7313591959949748,0.5186319914499465
GAMBLING,111312,0.6820137625860161,0.4608216301351883
MOTOR_HF,111413,0.7741820261376633,0.5385946787167419
WM,111413,0.8014561341008382,0.5648844055275345
RELATIONAL,111413,0.775090656816605,0.6169842311514446
LANGUAGE,111413,0.8432244576528601,0.7305780661129132
EMOTION,111413,0.7614889468059174,0.4676626103913149
SOCIAL,111413,0.786551853449084,0.5094423715148219
GAMBLING,111413,0.7065968537303357,0.4803420021375133
MOTOR_HF,111514,0.7733521459509122,0.6168850430315188
WM,111514,0.8196293101831886,0.7450400315001967
RELATIONAL,111514,0.7365212907580672,0.6060561003506272
LANGUAGE,111514,0.8235220220126376,0.7446504040650255
EMOTION,111514,0.7434978343614647,0.5476817355108469
SOCIAL,111514,0.7884579903624397,0.6421335758348489
GAMBLING,111514,0.7117572609828811,0.5414791967449796
MOTOR_HF,111716,0.831419571372321,0.6952235951474696
WM,111716,0.7654463465396657,0.6043438396489978
RELATIONAL,111716,0.7682937393358708,0.5373747960924755
LANGUAGE,111716,0.8572900455627848,0.7134608966306039
EMOTION,111716,0.7836495228095175,0.5881979262370389
SOCIAL,111716,0.7891406821292632,0.5912836330227063
GAMBLING,111716,0.6441852136575853,0.3909360058500365
MOTOR_HF,112112,0.8598893743085894,0.7922967018543866
WM,112112,0.7985239907749424,0.5956595353720959
RELATIONAL,112112,0.7726471415446345,0.5500339377121106
LANGUAGE,112112,0.8213801961262257,0.7721498884368027
EMOTION,112112,0.7468726679541746,0.5332621453884087
SOCIAL,112112,0.7556415352595953,0.5976800480002998
GAMBLING,112112,0.7587786173663584,0.5735803348770929
MOTOR_HF,112314,0.7054219713873211,0.4136693979337371
WM,112314,0.8649003431271445,0.7214520090750566
RELATIONAL,112314,0.7997118106988169,0.6688712429452683
LANGUAGE,112314,0.8600405002531265,0.7603532522078262
EMOTION,112314,0.6467884799279996,0.47564753529709564
SOCIAL,112314,0.8029148932180826,0.6139542122138264
GAMBLING,112314,0.6540783379896123,0.4338711491946824
MOTOR_HF,112516,0.7212181951137194,0.4728419552622204
WM,112516,0.7781418633866461,0.6159104119400746
RELATIONAL,112516,0.8000067500421877,0.6507027543922149
LANGUAGE,112516,0.8254017212607578,0.7485581159882249
EMOTION,112516,0.775208595053719,0.5487257420358876
SOCIAL,112516,0.7930167063544148,0.6560606003787522
GAMBLING,112516,0.7157212232576453,0.47806948793429954
MOTOR_HF,112920,0.7456694729342057,0.5784491778073613
WM,112920,0.8201516884480526,0.6312052575328595
RELATIONAL,112920,0.7337884611778822,0.5488543678397989
LANGUAGE,112920,0.852611328820805,0.7679530497065605
EMOTION,112920,0.7975765473534209,0.5802932518328239
SOCIAL,112920,0.7920591378696116,0.6523403896274352
GAMBLING,112920,0.6596351227195171,0.4157375358595991
MOTOR_HF,113215,0.7939761498509365,0.575750285939287
WM,113215,0.7801475634222713,0.5565368533553333
RELATIONAL,113215,0.7596388727429545,0.6095066844167776
LANGUAGE,113215,0.8129216432602703,0.6911493821836386
EMOTION,113215,0.8289702435640222,0.6416811355070969
SOCIAL,113215,0.7609868186676166,0.5487870549190932
GAMBLING,113215,0.6378542365889787,0.3905593159957249
MOTOR_HF,113316,0.7528027675172969,0.5510385689910562
WM,113316,0.7710216938855868,0.5819449496559352
RELATIONAL,113316,0.8291785573659834,0.6987881799261244
LANGUAGE,113316,0.8276489228057675,0.7031908949430933
EMOTION,113316,0.7821932012075075,0.6809581309883186
SOCIAL,113316,0.7472891080569254,0.606661729135807
GAMBLING,113316,0.6931258320364502,0.4395756848480303
MOTOR_HF,113619,0.7971252320327001,0.6751238445240282
WM,113619,0.7281876136725853,0.4569973562334764
RELATIONAL,113619,0.6603631897699361,0.4729398308739429
LANGUAGE,113619,0.7757832861455384,0.7280779254870343
EMOTION,113619,0.7278613616335101,0.600063562897268
SOCIAL,113619,0.7879909249432808,0.7301893761836011
GAMBLING,113619,0.7012703204395027,0.4158547240920255
MOTOR_HF,113922,0.8059177244857779,0.6669156057225357
WM,113922,0.7638100238126487,0.5640573378583617
RELATIONAL,113922,0.7430433315208219,0.5818200738754616
LANGUAGE,113922,0.8362351639697748,0.7539782123638272
EMOTION,113922,0.7563772898580616,0.5538351489696809
SOCIAL,113922,0.8060844130275814,0.6223561397258732
GAMBLING,113922,0.6928558303489396,0.4223925149532184
MOTOR_HF,114217,0.8015088219301371,0.6696776854855343
WM,114217,0.8005086906793167,0.6232822080138
RELATIONAL,114217,0.7274674216713855,0.5710335064594154
LANGUAGE,114217,0.8039041494009337,0.7808915680723004
EMOTION,114217,0.754125025781411,0.49652354077212973
SOCIAL,114217,0.7747580297376858,0.552375639847749
GAMBLING,114217,0.6996823730148313,0.4314167588547428
MOTOR_HF,114318,0.7803225020156375,0.6217936362102262
WM,114318,0.8296276226726418,0.7225974537340857
RELATIONAL,114318,0.8122155138469616,0.6809138807117543
LANGUAGE,114318,0.8018225113906962,0.6460069750435938
EMOTION,114318,0.8092792454952844,0.6272853580334876
SOCIAL,114318,0.8246790917443233,0.7435338345864662
GAMBLING,114318,0.7665850411565072,0.6269701685635535
MOTOR_HF,114419,0.7317769486059288,0.5054320964506027
WM,114419,0.692493578084863,0.38693641835261466
RELATIONAL,114419,0.7528717679485496,0.5595846849042806
LANGUAGE,114419,0.8139819623872648,0.7708925055781598
EMOTION,114419,0.7960904130650815,0.6654214088838054
SOCIAL,114419,0.7331588322427015,0.48105938162113504
GAMBLING,114419,0.6664792904955655,0.48612903830648935
MOTOR_HF,114621,0.7920235126469539,0.595603660022875
WM,114621,0.840438377739861,0.7118277614235089
RELATIONAL,114621,0.8052695329345807,0.7153113456959105
LANGUAGE,114621,0.7814126338289614,0.6882266139163369
EMOTION,114621,0.7402193763711024,0.5342090263064143
SOCIAL,114621,0.7251377196107476,0.5413944462152888
GAMBLING,114621,0.7275384846155288,0.5321307633172707
MOTOR_HF,114823,0.7316275101719386,0.5883280520503252
WM,114823,0.7810025687660547,0.6943909024431402
RELATIONAL,114823,0.827544672154201,0.7249839686498041
LANGUAGE,114823,0.7873076706729416,0.6193525584534902
EMOTION,114823,0.7403251270320439,0.5132972081075506
SOCIAL,114823,0.7601948137175857,0.5095087469296683
GAMBLING,114823,0.6544034650216562,0.5184283651772823
MOTOR_HF,114924,0.6878718616991355,0.5700654379089869
WM,114924,0.6626478915493221,0.43900924380777373
RELATIONAL,114924,0.6611776948605929,0.3208218176363602
LANGUAGE,114924,0.7347949674685466,0.5301899386871167
EMOTION,114924,0.7173809836311477,0.43026850167813546
SOCIAL,114924,0.7668542928393302,0.6106905668160426
GAMBLING,114924,0.6554984718654491,0.471390883693023
MOTOR_HF,115017,0.7118157613485084,0.5836875855474096
WM,115017,0.8536624603903775,0.6694969343558397
RELATIONAL,115017,0.7570052312826955,0.48206588791179933
LANGUAGE,115017,0.8462497890611816,0.7481990512440702
EMOTION,115017,0.7773048581553634,0.6159344120900756
SOCIAL,115017,0.778438490240564,0.555925787036169
GAMBLING,115017,0.700791817448859,0.4201642510265689
MOTOR_HF,115219,0.7831119569497308,0.6537685860536627
WM,115219,0.8104498153113456,0.7336228976431101
RELATIONAL,115219,0.7314971968574804,0.5570552940955881
LANGUAGE,115219,0.8098751242195262,0.7030545815911349
EMOTION,115219,0.7861007256295351,0.6939671497946862
SOCIAL,115219,0.7028076425477658,0.6060630378939869
GAMBLING,115219,0.7139827123919524,0.5082873642960268
MOTOR_HF,115320,0.7138531490821816,0.4685380533628335
WM,115320,0.8096023100144375,0.6823750773442332
RELATIONAL,115320,0.7737382108638179,0.5663576022350139
LANGUAGE,115320,0.7780329252057825,0.5757883486771791
EMOTION,115320,0.7683123019518872,0.6263664147900924
SOCIAL,115320,0.7242952768454802,0.5133320833255207
GAMBLING,115320,0.7351954699716874,0.48816792604953774
MOTOR_HF,115724,0.7266195413721336,0.5178615491346821
WM,115724,0.8685659910374439,0.8125847036543977
RELATIONAL,115724,0.768267864174151,0.4506558790992443
LANGUAGE,115724,0.8505461909136931,0.7751189694935593
EMOTION,115724,0.7588898055612847,0.6413265707910674
SOCIAL,115724,0.7591082444265276,0.508964243526522
GAMBLING,115724,0.7166939793373708,0.4985358033487709
MOTOR_HF,115825,0.755520972006075,0.4786848667804173
WM,115825,0.8465694785592409,0.670068250426565
RELATIONAL,115825,0.6873845461534134,0.5078358614741342
LANGUAGE,115825,0.8455584722404514,0.7528942680891755
EMOTION,115825,0.7983614272589202,0.565471471696698
SOCIAL,115825,0.8053668460427876,0.6083003018768868
GAMBLING,115825,0.7668850430315189,0.6584538653366582
MOTOR_HF,116524,0.7255556597228733,0.538373239832749
WM,116524,0.6730168938555866,0.536937543359646
RELATIONAL,116524,0.7163178519865748,0.6168203551272194
LANGUAGE,116524,0.8150649691560571,0.7547947799673747
EMOTION,116524,0.758943430896443,0.6813792586203663
SOCIAL,116524,0.7372823580147375,0.5996857480359252
GAMBLING,116524,0.6789183057394108,0.4689903061894136
MOTOR_HF,116726,0.7633399583747397,0.6222472015450097
RELATIONAL,116726,0.7268844805280033,0.49096994356214724
LANGUAGE,116726,0.7502349389683686,0.6158183488646803
EMOTION,116726,0.7339348995931224,0.510854067837924
SOCIAL,116726,0.7872013575084843,0.6999154369714811
GAMBLING,116726,0.6921386383664897,0.5079271745448408
MOTOR_HF,117021,0.8253962837267733,0.7041359008493802
WM,117021,0.8097187482421765,0.62185776161101
RELATIONAL,117021,0.7412965706035662,0.4883040519003244
LANGUAGE,117021,0.8080379877374233,0.6896484353027206
EMOTION,117021,0.7545326533290831,0.5043346520915756
SOCIAL,117021,0.7540500253126582,0.6061131007068794
GAMBLING,117021,0.6633744585903661,0.39459509121932007
MOTOR_HF,117122,0.7873451709073181,0.6379432996456227
WM,117122,0.8387238670241688,0.7288828680179251
RELATIONAL,117122,0.7910481315508221,0.6778739242120262
LANGUAGE,117122,0.8492998706241913,0.7525121407008792
EMOTION,117122,0.7369842311514447,0.5543339020868879
SOCIAL,117122,0.8193058706616916,0.6679134869592934
GAMBLING,117122,0.723143832148951,0.5031153319708248
MOTOR_HF,117324,0.7955408471302945,0.5092961206007537
WM,117324,0.7428200176251101,0.6199413121332007
RELATIONAL,117324,0.7510290064312902,0.5456250351564697
LANGUAGE,117324,0.8098526240789004,0.7366780417377609
EMOTION,117324,0.7497808111300694,0.6677104231901448
SOCIAL,117324,0.7644415277595484,0.5873622335139594
GAMBLING,117324,0.7284049275307969,0.43375208595053716
MOTOR_HF,117930,0.786034162713517,0.62854367839799
WM,117930,0.7698091238070237,0.5372712954455965
RELATIONAL,117930,0.7292951830948943,0.5194080588003674
LANGUAGE,117930,0.8391080569253557,0.7093358708491927
EMOTION,117930,0.7761425383908649,0.6008975681098007
SOCIAL,117930,0.770669004181276,0.6184474902968142
GAMBLING,117930,0.7001565634785217,0.49926293289333057
MOTOR_HF,118023,0.7813955712223202,0.5386486790542441
WM,118023,0.7595719348245925,0.5745800911255695
RELATIONAL,118023,0.8197176232351452,0.6738298989368683
LANGUAGE,118023,0.8209247557797236,0.7638512740704628
EMOTION,118023,0.7177610485065531,0.5612663829148932
SOCIAL,118023,0.8080769879811748,0.6235289595559972
GAMBLING,118023,0.7501828136425851,0.6177687360546003
MOTOR_HF,118124,0.6672377327358295,0.41287683048019047
WM,118124,0.7594133088331801,0.5015206345039657
RELATIONAL,118124,0.7320732004575029,0.44949468434177714
LANGUAGE,118124,0.8312249451559071,0.667311983199895
EMOTION,118124,0.7158670991693697,0.536776479852999
SOCIAL,118124,0.7751602197513734,0.6138190238688991
GAMBLING,118124,0.6706817542609641,0.3579974874842967
MOTOR_HF,118225,0.7854669716685728,0.597511109444434
WM,118225,0.8335375846099038,0.6435672097950612
RELATIONAL,118225,0.7616066975418595,0.5320666379164869
LANGUAGE,118225,0.8572795454971592,0.7864826655166595
EMOTION,118225,0.8068582303639397,0.7518189488684304
SOCIAL,118225,0.7824011400071249,0.5413428833930212
GAMBLING,118225,0.7288294301839385,0.4679419871374196
MOTOR_HF,118528,0.7371257945362157,0.5188999306245664
WM,118528,0.7709316933230832,0.5151022818892618
RELATIONAL,118528,0.7626441415258846,0.5889074306714416
LANGUAGE,118528,0.8567717923237019,0.7706564416027599
EMOTION,118528,0.7842298389364932,0.5515463221645135
SOCIAL,118528,0.7436240226501415,0.47150113438208985
GAMBLING,118528,0.6620195751223446,0.42331933324583276
MOTOR_HF,118730,0.7710014437590234,0.5921105131907074
WM,118730,0.7979011118819492,0.5931535822098887
RELATIONAL,118730,0.7762211013818837,0.5351547822173888
LANGUAGE,118730,0.8359156619728872,0.6862595391221196
EMOTION,118730,0.7144512778204863,0.46727204545028406
SOCIAL,118730,0.7934989593684959,0.5496019350120938
GAMBLING,118730,0.6685406783792399,0.4994414340089625
MOTOR_HF,118831,0.7840905255657846,0.5645917161982262
WM,118831,0.7895672472952956,0.6915688223051393
RELATIONAL,118831,0.7707215045094032,0.5371587947424671
LANGUAGE,118831,0.838280614253839,0.7186001162507265
EMOTION,118831,0.7363193519959499,0.5757626610166313
SOCIAL,118831,0.7776691729323306,0.5706888793054956
GAMBLING,118831,0.7583079894249338,0.6267594172463578
MOTOR_HF,118932,0.7620201376258601,0.5287594922468265
WM,118932,0.8052730954568464,0.6493011831323945
RELATIONAL,118932,0.7847882174263588,0.6819635122719515
LANGUAGE,118932,0.8335289595559972,0.7643299645622784
EMOTION,118932,0.8162250389064931,0.6032625203907525
SOCIAL,118932,0.775090844317777,0.5657069731685822
GAMBLING,118932,0.7671979824873906,0.6593881836761478
MOTOR_HF,119126,0.7212961956012224,0.563714023212645
WM,119126,0.8222397014981342,0.6168136050850318
RELATIONAL,119126,0.7323653272832954,0.540285001781261
LANGUAGE,119126,0.8649024056400352,0.7691929949562185
EMOTION,119126,0.8558839742748391,0.7316689479309245
SOCIAL,119126,0.7916207601297507,0.5569174807342545
GAMBLING,119126,0.8048274051712823,0.6353104081900512
MOTOR_HF,119732,0.821271257945362,0.7140519003243769
WM,119732,0.7927088294301838,0.6232199576247351
RELATIONAL,119732,0.798600866255414,0.6410678191738698
LANGUAGE,119732,0.8568293551834698,0.8048326552040949
EMOTION,119732,0.7880299251870323,0.5887908049425308
SOCIAL,119732,0.7808908180676128,0.5799084994281215
GAMBLING,119732,0.7495228095175595,0.4544816530103313
MOTOR_HF,119833,0.8177437983987399,0.6175510471940451
WM,119833,0.7829075806723792,0.5256773479834248
RELATIONAL,119833,0.701182007387546,0.5867747923424521
LANGUAGE,119833,0.8198608741304632,0.7477567359795998
EMOTION,119833,0.8108023175144843,0.6401798136238351
SOCIAL,119833,0.835220032625204,0.7401057506609416
GAMBLING,119833,0.6483646147788424,0.4343472146700917
MOTOR_HF,120111,0.7444214651341571,0.5211711323195769
WM,120111,0.7933470834192714,0.6326867042919018
RELATIONAL,120111,0.7720898880618003,0.6842549640935255
LANGUAGE,120111,0.8493812461327883,0.7437592109950687
EMOTION,120111,0.7995496221851386,0.6447516546978418
SOCIAL,120111,0.7518607616297602,0.5228033300208126
GAMBLING,120111,0.7069684810530066,0.4153479084244276
MOTOR_HF,120212,0.7259756623478896,0.47838017737610855
WM,120212,0.792426452665329,0.6714377589859937
RELATIONAL,120212,0.819094744342152,0.7224373277332983
LANGUAGE,120212,0.8140558378489864,0.7313539459621622
EMOTION,120212,0.7657999737498358,0.6189783061144132
SOCIAL,120212,0.7953075956724729,0.5765096656854105
GAMBLING,120212,0.6975240470252938,0.4647400296251851
MOTOR_HF,120414,0.737099919374496,0.5542270264189151
WM,120414,0.8344951530947068,0.6340775879849249
RELATIONAL,120414,0.7620733879586747,0.6942487765548534
LANGUAGE,120414,0.7874295464346652,0.6697134982093638
EMOTION,120414,0.6910831942699642,0.541942137138357
SOCIAL,120414,0.7106594416215101,0.5264224776404852
GAMBLING,120414,0.6236723979524871,0.39944537153357207
MOTOR_HF,120515,0.7140640879005493,0.4956032850205314
WM,120515,0.7425848911555697,0.5241044006525041
RELATIONAL,120515,0.7518727617047606,0.5820062625391408
LANGUAGE,120515,0.7978388614928842,0.7041734010837567
EMOTION,120515,0.7861942887143044,0.6529737685860536
SOCIAL,120515,0.795227720173251,0.6121470759192245
GAMBLING,120515,0.6858564116025725,0.46017868861680383
MOTOR_HF,120717,0.7295012468827929,0.5367151669697935
WM,120717,0.8064727279545496,0.5976442352764705
RELATIONAL,120717,0.7926282039262745,0.6297493109331933
LANGUAGE,120717,0.8285406783792397,0.7433116456977855
EMOTION,120717,0.8052950330939569,0.6647269045431533
SOCIAL,120717,0.7762192263701647,0.5153623460146625
GAMBLING,120717,0.7040404627528921,0.43821123882024254
MOTOR_HF,121416,0.7623868899180619,0.5732403952524703
WM,121416,0.7615862599141244,0.6134207713798211
RELATIONAL,121416,0.7746220913880711,0.6390452440327752
LANGUAGE,121416,0.8265122907018168,0.7681068006675041
EMOTION,121416,0.7576963606022538,0.5734387714923217
SOCIAL,121416,0.825985974912343,0.7255616597603733
GAMBLING,121416,0.7146423415146345,0.5177666735417096
MOTOR_HF,121618,0.6715427596422477,0.4750165938537116
WM,121618,0.7469439183994899,0.5561532259576621
RELATIONAL,121618,0.663220145125907,0.40750510940693374
LANGUAGE,121618,0.8194140588378676,0.7498104363152268
EMOTION,121618,0.7414137588359927,0.5832456452852829
SOCIAL,121618,0.7521101381883636,0.5702760017250107
GAMBLING,121618,0.6778876117975737,0.4469172932330826
MOTOR_HF,121921,0.7611979449871561,0.5689254307839424
WM,121921,0.8026853917836985,0.6428890180563629
RELATIONAL,121921,0.8179174244839029,0.5949052181576134
LANGUAGE,121921,0.7766564791029944,0.6923713273207956
EMOTION,121921,0.7958654116588229,0.6860397877486734
SOCIAL,121921,0.7613608835055219,0.5044480903005644
GAMBLING,121921,0.7242322764517277,0.5995477471734199
MOTOR_HF,122620,0.77844805280033,0.5848860930380814
WM,122620,0.7815320720754505,0.6446410290064312
RELATIONAL,122620,0.822050512815705,0.6901316258226613
LANGUAGE,122620,0.8277226107663173,0.708059175369846
EMOTION,122620,0.7721281383008644,0.5573138582116137
SOCIAL,122620,0.7986550540940881,0.5622548890930568
GAMBLING,122620,0.7057992237451484,0.5227887049294058
MOTOR_HF,122822,0.7690347439671497,0.6386698666866667
WM,122822,0.7118343239645248,0.4598946243414021
RELATIONAL,122822,0.7385509909436933,0.4904629403933774
LANGUAGE,122822,0.852719704498153,0.8025344533403332
EMOTION,122822,0.7713003206270038,0.5998271239195244
SOCIAL,122822,0.8224587028668928,0.6325031406446289
GAMBLING,122822,0.7029282058012861,0.45873642960268496
MOTOR_HF,123117,0.7408983181144881,0.5443537772111076
WM,123117,0.7468092925580785,0.5612028200176251
RELATIONAL,123117,0.7657253482834268,0.6031460821630135
LANGUAGE,123117,0.8190317439483995,0.6968589803686273
EMOTION,123117,0.8247599047494046,0.6533763336020849
SOCIAL,123117,0.7911836948980931,0.6610331314570715
GAMBLING,123117,0.7251000318751992,0.5743907149419684
MOTOR_HF,123420,0.7696021225132657,0.5492134325839536
WM,123420,0.7884026775167343,0.6946687791798698
RELATIONAL,123420,0.6671835448971556,0.4336275851724073
LANGUAGE,123420,0.814131400821255,0.708911555697223
EMOTION,123420,0.7317251982824893,0.6183687398046237
SOCIAL,123420,0.7525228282676766,0.6300714379464871
GAMBLING,123420,0.7504344402152513,0.5612684454277839
MOTOR_HF,123521,0.7450814692591828,0.6095938724617027
WM,123521,0.7458832242701515,0.5158937243357771
RELATIONAL,123521,0.7848722179513622,0.6546680291751823
LANGUAGE,123521,0.8189198057487858,0.6829520184501152
EMOTION,123521,0.8188566178538615,0.6370271689198057
SOCIAL,123521,0.8269157932237077,0.7091997449984062
GAMBLING,123521,0.8002784392402451,0.6259117244482778
